[
  {
    "id": "e2f757f4-1349-4438-ac71-c2e03a4b745f",
    "data": [
      {
        "text": "Tell me a trivia",
        "userDefined": false
      }
    ],
    "isTemplate": false,
    "count": 0,
    "updated": 1535568289
  },
  {
    "id": "120be3dd-3060-4611-8e32-ca40d029188b",
    "data": [
      {
        "text": "Give me a trivia about ",
        "userDefined": false
      },
      {
        "text": "4",
        "alias": "number",
        "meta": "@sys.number",
        "userDefined": false
      }
    ],
    "isTemplate": false,
    "count": 0,
    "updated": 1535568289
  },
  {
    "id": "d1d3df44-40e5-4541-9d5e-9995a9d5e35a",
    "data": [
      {
        "text": "Tell me something about ",
        "userDefined": false
      },
      {
        "text": "three",
        "alias": "number",
        "meta": "@sys.number",
        "userDefined": false
      }
    ],
    "isTemplate": false,
    "count": 0,
    "updated": 1535568289
  }
]